,accuracy,attack,attack_time,epsilon,iteration,loss
0,0.789499998092651,no attack,0.0,0.1,None,0.647334027481079
1,0.039900001138448,ProjectedGradientDescent,419.74053144454956,0.1,None,34.2774882019043
