,accuracy,attack,attack_time,epsilon,iteration,loss
0,0.789499998092651,no attack,0.0,0.1,None,0.647334027481079
1,0.038400001823902005,ProjectedGradientDescent,347.26981258392334,0.1,None,34.31077069091797
