,accuracy,attack,attack_time,epsilon,iteration,loss
0,0.789499998092651,no attack,0.0,0.1,None,0.647334027481079
1,0.037900000810623,ProjectedGradientDescent,519.9650475978851,0.1,None,35.283551525878906
