,accuracy,attack,attack_time,epsilon,iteration,loss
0,0.789499998092651,no attack,0.0,0.1,None,0.647334027481079
1,0.039299998432397,ProjectedGradientDescent,178.02081489562988,0.1,None,31.435694970703125
