,accuracy,attack,attack_time,epsilon,iteration,loss
0,0.789499998092651,no attack,0.0,0.1,None,0.647334027481079
1,0.036800000816583,ProjectedGradientDescent,1589.1510515213013,0.1,None,36.424801531982425
