,accuracy,attack,attack_time,epsilon,iteration,loss
0,0.789499998092651,no attack,0.0,0.1,None,0.647334027481079
1,0.038499999791383,ProjectedGradientDescent,186.34395790100098,0.1,None,31.43190928039551
