,accuracy,attack,attack_time,epsilon,iteration,loss
0,0.987999975681304,no attack,0.0,0.30000000000000004,None,0.054244169260102004
1,0.007600000128149001,ProjectedGradientDescent,134.7639889717102,0.30000000000000004,None,33.47991594848633
