,accuracy,attack,attack_time,epsilon,iteration,loss
0,0.987999975681304,no attack,0.0,0.30000000000000004,None,0.054244169260102004
1,0.008000000379979,ProjectedGradientDescent,202.50276041030884,0.30000000000000004,None,37.081299035644534
