,accuracy,attack,attack_time,epsilon,iteration,loss
0,0.987999975681304,no attack,0.0,0.30000000000000004,None,0.054244169260102004
1,0.070500001311302,ProjectedGradientDescent,98.62307548522949,0.30000000000000004,None,9.913061611938476
