,accuracy,attack,attack_time,epsilon,iteration,loss
0,0.987999975681304,no attack,0.0,0.30000000000000004,None,0.054244169260102004
1,0.010700000450015,ProjectedGradientDescent,67.97927904129028,0.30000000000000004,None,24.340433447265625
