,accuracy,attack,attack_time,epsilon,iteration,loss
0,0.7746999859809871,no attack,0.0,0.1,None,0.6994538048744201
1,0.082500003278255,ProjectedGradientDescent,190.18162846565247,0.1,None,28.30134362487793
