,accuracy,attack,attack_time,epsilon,iteration,loss
0,0.8219000101089471,no attack,0.0,0.1,None,0.5664394619464871
1,0.085000000894069,ProjectedGradientDescent,186.96531224250793,0.1,None,33.95368893432617
