,accuracy,attack,attack_time,epsilon,iteration,loss
0,0.9912999868392941,no attack,0.0,0.30000000000000004,None,0.028295716114520003
1,0.043999999761581005,ProjectedGradientDescent,72.07327008247375,0.30000000000000004,None,8.109848908996582
