,accuracy,attack,attack_time,epsilon,iteration,loss
0,0.9909999966621391,no attack,0.0,0.30000000000000004,None,0.034852194137665
1,0.11330000311136201,ProjectedGradientDescent,69.86361694335938,0.30000000000000004,None,7.053148425292969
