,accuracy,attack,attack_time,epsilon,iteration,loss
0,0.9912999868392941,no attack,0.0,0.30000000000000004,None,0.027191866661742004
1,0.018899999558925,ProjectedGradientDescent,121.28885293006897,0.30000000000000004,None,10.235205839538574
