,accuracy,attack,attack_time,epsilon,iteration,loss
0,0.9908000230789181,no attack,0.0,0.30000000000000004,None,0.033686255415838
1,0.11060000211000401,ProjectedGradientDescent,72.97932648658752,0.30000000000000004,None,7.9884453170776375
