,accuracy,attack,attack_time,iteration,loss
0,0.8245000243186951,no attack,0.0,None,0.711552361488342
1,0.030099999159574002,ProjectedGradientDescent,190.22687363624573,None,34.79908134765625
