,accuracy,attack,attack_time,iteration,loss
0,0.8046000003814691,no attack,0.0,None,0.7784668943405151
1,0.06930000334978101,ProjectedGradientDescent,189.63826489448547,None,32.538777966308594
